-- create tables
create table products (
    id                             number generated by default on null as identity 
                                   constraint products_id_pk primary key,
    name                           varchar2(50 char),
    description                    varchar2(4000 char),
    sku                            varchar2(30 char),
    unit                           number,
    unit_price                     number
)
;

create table customers (
    id                             number generated by default on null as identity 
                                   constraint customers_id_pk primary key,
    first_name                     varchar2(255 char),
    last_name                      varchar2(255 char),
    email                          varchar2(255 char),
    city                           varchar2(255 char),
    country                        varchar2(50 char),
    gender                         varchar2(6 char) constraint customers_gender_cc
                                   check (gender in ('MALE','FEMALE')),
    date_of_birth                  date,
    phone                          varchar2(30 char),
    postal_code                    varchar2(30 char)
)
;

create table channels (
    id                             number generated by default on null as identity 
                                   constraint channels_id_pk primary key,
    name                           varchar2(6 char) constraint channels_name_cc
                                   check (name in ('DIRECT','ONLINE','PHONE'))
)
;

create table promotions (
    id                             number generated by default on null as identity 
                                   constraint promotions_id_pk primary key,
    name                           varchar2(255 char),
    code                           varchar2(10 char),
    date_begin                     date,
    date_end                       date,
    discount_percentage            number
)
;

create table sales (
    id                             number generated by default on null as identity 
                                   constraint sales_id_pk primary key,
    product_id                     number
                                   constraint sales_product_id_fk
                                   references products on delete cascade,
    customer_id                    number
                                   constraint sales_customer_id_fk
                                   references customers on delete cascade,
    promotion_id                   number
                                   constraint sales_promotion_id_fk
                                   references promotions on delete cascade,
    channel_id                     number
                                   constraint sales_channel_id_fk
                                   references channels on delete cascade,
    date_of_sale                   date,
    quantity                       number,
    unit_price                     number
)
;

-- table index
create index sales_i1 on sales (channel_id);
create index sales_i2 on sales (customer_id);
create index sales_i3 on sales (product_id);
create index sales_i4 on sales (promotion_id);


-- create views
create or replace view sales_v as 
select 
    products.id                                        product_id,
    products.name                                      product_name,
    products.description                               description,
    products.sku                                       sku,
    products.unit                                      unit,
    products.unit_price                                product_unit_price,
    customers.id                                       customer_id,
    customers.first_name                               first_name,
    customers.last_name                                last_name,
    customers.email                                    email,
    customers.city                                     city,
    customers.country                                  country,
    customers.gender                                   gender,
    customers.date_of_birth                            date_of_birth,
    customers.phone                                    phone,
    customers.postal_code                              postal_code,
    channels.id                                        channel_id,
    channels.name                                      channel_name,
    promotions.id                                      promotion_id,
    promotions.name                                    promotion_name,
    promotions.code                                    code,
    promotions.date_begin                              date_begin,
    promotions.date_end                                date_end,
    promotions.discount_percentage                     discount_percentage,
    sales.id                                           sale_id,
    sales.date_of_sale                                 date_of_sale,
    sales.quantity                                     quantity,
    sales.unit_price                                   sale_unit_price
from 
    products,
    customers,
    channels,
    promotions,
    sales
where
    sales.product_id(+) = products.id and
    sales.customer_id(+) = customers.id and
    sales.promotion_id(+) = promotions.id and
    sales.channel_id(+) = channels.id
/

-- load data
 
insert into products (
    id,
    name,
    description,
    sku,
    unit,
    unit_price
) values (
    1,
    'M-AAAC-2',
    'Vitae ligula commodo, dictum lorem sit amet, imperdiet ex. Etiam cursus porttitor tincidunt. Vestibulum ante.',
    'Cubilia Curae; Proin',
    80,
    33
);

insert into products (
    id,
    name,
    description,
    sku,
    unit,
    unit_price
) values (
    2,
    'M-AAA1-20',
    'Lorem commodo ullamcorper.Interdum et malesuada fames ac ante ipsum primis in faucibus. Ut id nulla ac sapien suscipit tristique ac volutpat risus.Phasellus vitae ligula commodo, dictum lorem sit amet, imperdiet ex. Etiam cursus porttitor tincidunt. Vestibulum ante ipsumprimis in faucibus orci luctus et ultrices posuere cubilia Curae; Proin vulputate placerat pellentesque. Proin viverra lacinialectus, quis consectetur mi venenatis nec. Donec convallis sollicitudin elementum. Nulla facilisi. In posuere blandit leoeget malesuada. Vivamus efficitur ipsum tellus, quis posuere mi maximus vitae. Quisque tortor odio, feugiat eget sagittisvel, pretium ut metus. Duis et commodo.',
    'Faucibus Ut Id',
    53,
    9
);

insert into products (
    id,
    name,
    description,
    sku,
    unit,
    unit_price
) values (
    3,
    'M-AAAN-13',
    'Mi venenatis nec. Donec convallis sollicitudin elementum. Nulla facilisi. In posuere blandit leoeget malesuada. Vivamus efficitur ipsum tellus, quis posuere mi maximus vitae. Quisque tortor odio, feugiat eget sagittisvel, pretium ut metus. Duis et commodo arcu, in vestibulum tellus. In sollicitudin nisi mi, pharetra gravida ex semper ut.Donec nibh sapien, hendrerit quis varius eget, malesuada vitae turpis. Lorem ipsum dolor sit amet, consectetur adipiscing elit.Vivamus sapien.',
    'Donec Convallis Sollicitudin',
    31,
    48
);

insert into products (
    id,
    name,
    description,
    sku,
    unit,
    unit_price
) values (
    4,
    'M-AABF-31',
    'Primis in faucibus. Ut id nulla ac sapien suscipit tristique ac volutpat risus.Phasellus vitae ligula commodo, dictum lorem sit amet, imperdiet ex. Etiam cursus porttitor tincidunt. Vestibulum ante ipsumprimis in.',
    'Et Malesuada Fames',
    40,
    58
);

insert into products (
    id,
    name,
    description,
    sku,
    unit,
    unit_price
) values (
    5,
    'M-AADE-82',
    'Porttitor tincidunt. Vestibulum ante ipsumprimis in faucibus orci luctus et ultrices posuere cubilia Curae; Proin vulputate placerat pellentesque. Proin viverra lacinialectus, quis consectetur mi venenatis nec. Donec convallis sollicitudin elementum. Nulla facilisi. In posuere blandit leoeget malesuada. Vivamus efficitur ipsum tellus, quis posuere mi maximus vitae. Quisque tortor odio,.',
    'Sollicitudin Elementum Nulla',
    32,
    28
);

insert into products (
    id,
    name,
    description,
    sku,
    unit,
    unit_price
) values (
    6,
    'M-AAB2-34',
    'Sollicitudin elementum. Nulla facilisi. In posuere blandit leoeget malesuada. Vivamus efficitur ipsum tellus, quis posuere mi maximus vitae. Quisque tortor odio, feugiat eget sagittisvel, pretium ut metus. Duis et commodo arcu, in vestibulum tellus. In sollicitudin nisi mi, pharetra gravida ex semper ut.Donec nibh sapien, hendrerit quis varius eget, malesuada vitae turpis. Lorem ipsum dolor sit amet,.',
    'Ut Id Nulla',
    96,
    29
);

insert into products (
    id,
    name,
    description,
    sku,
    unit,
    unit_price
) values (
    7,
    'M-AABR-43',
    'Ante ipsum primis in faucibus. Ut id nulla ac sapien suscipit tristique ac volutpat risus.Phasellus vitae ligula commodo, dictum lorem sit amet, imperdiet ex. Etiam cursus porttitor.',
    'Proin Viverra Lacinialectus',
    76,
    54
);

insert into products (
    id,
    name,
    description,
    sku,
    unit,
    unit_price
) values (
    8,
    'M-AABH-33',
    'Faucibus. Ut id nulla ac sapien suscipit tristique ac volutpat risus.Phasellus vitae ligula commodo, dictum lorem sit amet, imperdiet ex. Etiam cursus porttitor tincidunt. Vestibulum ante ipsumprimis in faucibus orci luctus et ultrices posuere cubilia Curae; Proin vulputate placerat pellentesque. Proin viverra lacinialectus, quis consectetur mi venenatis nec. Donec convallis sollicitudin elementum. Nulla facilisi. In posuere blandit leoeget.',
    'Vulputate Porttitor Ligula',
    94,
    67
);

insert into products (
    id,
    name,
    description,
    sku,
    unit,
    unit_price
) values (
    9,
    'M-AAC2-60',
    'Faucibus. Ut id nulla ac sapien suscipit tristique ac volutpat risus.Phasellus vitae ligula commodo, dictum lorem sit amet, imperdiet ex. Etiam cursus porttitor tincidunt. Vestibulum ante ipsumprimis in faucibus orci luctus et ultrices posuere cubilia Curae; Proin vulputate placerat pellentesque. Proin viverra lacinialectus, quis consectetur mi venenatis nec. Donec convallis sollicitudin elementum. Nulla facilisi. In posuere blandit leoeget malesuada. Vivamus efficitur ipsum tellus, quis posuere mi maximus vitae. Quisque tortor odio, feugiat eget sagittisvel, pretium ut metus. Duis et commodo arcu, in vestibulum tellus. In sollicitudin nisi mi, pharetra gravida.',
    'Sollicitudin Elementum Nulla',
    100,
    1
);

insert into products (
    id,
    name,
    description,
    sku,
    unit,
    unit_price
) values (
    10,
    'M-AAAW-22',
    'Amet lectus. Nulla placerat iaculis aliquam. Vestibulum lacinia arcu in massa pharetra, id mattis risus rhoncus.Cras vulputate porttitor ligula.',
    'Risus Rhoncuscras Vulputate',
    23,
    25
);

commit;
-- load data
-- load data
 
insert into customers (
    id,
    first_name,
    last_name,
    email,
    city,
    country,
    gender,
    date_of_birth,
    phone,
    postal_code
) values (
    1,
    'Gricelda',
    'Luebbers',
    'gricelda.luebbers@aaab.com',
    'Tanquecitos',
    'United States',
    'MALE',
    sysdate - 66,
    'Eu Lorem Commodo',
    'Elementum Sodales Proin'
);

insert into customers (
    id,
    first_name,
    last_name,
    email,
    city,
    country,
    gender,
    date_of_birth,
    phone,
    postal_code
) values (
    2,
    'Dean',
    'Bollich',
    'dean.bollich@aaac.com',
    'Sugarloaf',
    'United States',
    'FEMALE',
    sysdate - 31,
    'Proin Viverra Lacinialectus',
    'Ac Sapien Suscipit'
);

insert into customers (
    id,
    first_name,
    last_name,
    email,
    city,
    country,
    gender,
    date_of_birth,
    phone,
    postal_code
) values (
    3,
    'Milo',
    'Manoni',
    'milo.manoni@aaad.com',
    'Dale City',
    'United States',
    'MALE',
    sysdate - 58,
    'Imperdiet Ex Etiam',
    'Mi Venenatis Nec'
);

insert into customers (
    id,
    first_name,
    last_name,
    email,
    city,
    country,
    gender,
    date_of_birth,
    phone,
    postal_code
) values (
    4,
    'Laurice',
    'Karl',
    'laurice.karl@aaae.com',
    'Grosvenor',
    'United States',
    'FEMALE',
    sysdate - 3,
    'Vestibulum Ante Ipsumprimis',
    'Id Mattis Risus'
);

insert into customers (
    id,
    first_name,
    last_name,
    email,
    city,
    country,
    gender,
    date_of_birth,
    phone,
    postal_code
) values (
    5,
    'August',
    'Rupel',
    'august.rupel@aaaf.com',
    'Riverside',
    'United States',
    'MALE',
    sysdate - 65,
    'Nulla Facilisi In',
    'Suscipit Elementum Sodales'
);

insert into customers (
    id,
    first_name,
    last_name,
    email,
    city,
    country,
    gender,
    date_of_birth,
    phone,
    postal_code
) values (
    6,
    'Salome',
    'Guisti',
    'salome.guisti@aaag.com',
    'Ridgeley',
    'United States',
    'FEMALE',
    sysdate - 1,
    'Cursus Porttitor Tincidunt',
    'Viverra Lacinialectus Quis'
);

insert into customers (
    id,
    first_name,
    last_name,
    email,
    city,
    country,
    gender,
    date_of_birth,
    phone,
    postal_code
) values (
    7,
    'Lovie',
    'Ritacco',
    'lovie.ritacco@aaah.com',
    'Ashley Heights',
    'United States',
    'MALE',
    sysdate - 31,
    'Pellentesque Proin Viverra',
    'Mattis Risus Rhoncuscras'
);

insert into customers (
    id,
    first_name,
    last_name,
    email,
    city,
    country,
    gender,
    date_of_birth,
    phone,
    postal_code
) values (
    8,
    'Chaya',
    'Greczkowski',
    'chaya.greczkowski@aaai.com',
    'Monfort Heights',
    'United States',
    'FEMALE',
    sysdate - 36,
    'Id Mattis Risus',
    'In Faucibus Orci'
);

insert into customers (
    id,
    first_name,
    last_name,
    email,
    city,
    country,
    gender,
    date_of_birth,
    phone,
    postal_code
) values (
    9,
    'Twila',
    'Coolbeth',
    'twila.coolbeth@aaaj.com',
    'Point Marion',
    'United States',
    'MALE',
    sysdate - 67,
    'Eu Lorem Commodo',
    'Mi Venenatis Nec'
);

insert into customers (
    id,
    first_name,
    last_name,
    email,
    city,
    country,
    gender,
    date_of_birth,
    phone,
    postal_code
) values (
    10,
    'Carlotta',
    'Achenbach',
    'carlotta.achenbach@aaak.com',
    'Eldon',
    'United States',
    'FEMALE',
    sysdate - 59,
    'Vulputate Placerat Pellentesqu',
    'Et Ultrices Posuere'
);

insert into customers (
    id,
    first_name,
    last_name,
    email,
    city,
    country,
    gender,
    date_of_birth,
    phone,
    postal_code
) values (
    11,
    'Jeraldine',
    'Audet',
    'jeraldine.audet@aaal.com',
    'Greendale',
    'United States',
    'MALE',
    sysdate - 2,
    'Donec Convallis Sollicitudin',
    'Ac Sapien Suscipit'
);

insert into customers (
    id,
    first_name,
    last_name,
    email,
    city,
    country,
    gender,
    date_of_birth,
    phone,
    postal_code
) values (
    12,
    'August',
    'Arouri',
    'august.arouri@aaam.com',
    'Ammon',
    'United States',
    'FEMALE',
    sysdate - 64,
    'Fames Ac Ante',
    'Cursus Porttitor Tincidunt'
);

insert into customers (
    id,
    first_name,
    last_name,
    email,
    city,
    country,
    gender,
    date_of_birth,
    phone,
    postal_code
) values (
    13,
    'Ward',
    'Stepney',
    'ward.stepney@aaan.com',
    'Wallsburg',
    'United States',
    'MALE',
    sysdate - 42,
    'Quis Consectetur Mi',
    'Proin Sit Amet'
);

insert into customers (
    id,
    first_name,
    last_name,
    email,
    city,
    country,
    gender,
    date_of_birth,
    phone,
    postal_code
) values (
    14,
    'Ayana',
    'Barkhurst',
    'ayana.barkhurst@aaao.com',
    'De Pue',
    'United States',
    'FEMALE',
    sysdate - 76,
    'Ante Ipsumprimis In',
    'Mi Venenatis Nec'
);

insert into customers (
    id,
    first_name,
    last_name,
    email,
    city,
    country,
    gender,
    date_of_birth,
    phone,
    postal_code
) values (
    15,
    'Luana',
    'Berends',
    'luana.berends@aaap.com',
    'Prompton',
    'United States',
    'MALE',
    sysdate - 92,
    'Fames Ac Ante',
    'Eget Rhoncus Nonmolestie'
);

insert into customers (
    id,
    first_name,
    last_name,
    email,
    city,
    country,
    gender,
    date_of_birth,
    phone,
    postal_code
) values (
    16,
    'Lecia',
    'Alvino',
    'lecia.alvino@aaaq.com',
    'New Rockford',
    'United States',
    'FEMALE',
    sysdate - 62,
    'Vestibulum Lacinia Arcu',
    'Amet Massa Eu'
);

insert into customers (
    id,
    first_name,
    last_name,
    email,
    city,
    country,
    gender,
    date_of_birth,
    phone,
    postal_code
) values (
    17,
    'Joleen',
    'Himmelmann',
    'joleen.himmelmann@aaar.com',
    'Tygh Valley',
    'United States',
    'MALE',
    sysdate - 84,
    'Sit Amet Lectus',
    'Id Nulla Ac'
);

insert into customers (
    id,
    first_name,
    last_name,
    email,
    city,
    country,
    gender,
    date_of_birth,
    phone,
    postal_code
) values (
    18,
    'Monty',
    'Kinnamon',
    'monty.kinnamon@aaas.com',
    'Lookout',
    'United States',
    'FEMALE',
    sysdate - 37,
    'Sollicitudin Elementum Nulla',
    'Venenatis Nec Donec'
);

insert into customers (
    id,
    first_name,
    last_name,
    email,
    city,
    country,
    gender,
    date_of_birth,
    phone,
    postal_code
) values (
    19,
    'Dania',
    'Grizzard',
    'dania.grizzard@aaat.com',
    'Hermiston',
    'United States',
    'MALE',
    sysdate - 43,
    'Curae; Proin Vulputate',
    'Tincidunt Vestibulum Ante'
);

insert into customers (
    id,
    first_name,
    last_name,
    email,
    city,
    country,
    gender,
    date_of_birth,
    phone,
    postal_code
) values (
    20,
    'Inez',
    'Yamnitz',
    'inez.yamnitz@aaau.com',
    'Mendota Heights',
    'United States',
    'FEMALE',
    sysdate - 28,
    'Massa Eu Lorem',
    'Ut Id Nulla'
);

commit;
-- load data
 
insert into channels (
    id,
    name
) values (
    1,
    'DIRECT'
);

insert into channels (
    id,
    name
) values (
    2,
    'ONLINE'
);

insert into channels (
    id,
    name
) values (
    3,
    'PHONE'
);

commit;
-- load data
 
insert into promotions (
    id,
    name,
    code,
    date_begin,
    date_end,
    discount_percentage
) values (
    1,
    'Night Call Reduction',
    'Luctus',
    sysdate - 22,
    sysdate - 44,
    91
);

insert into promotions (
    id,
    name,
    code,
    date_begin,
    date_end,
    discount_percentage
) values (
    2,
    'SDDR System Upgrade',
    'Placerat',
    sysdate - 36,
    sysdate - 4,
    94
);

insert into promotions (
    id,
    name,
    code,
    date_begin,
    date_end,
    discount_percentage
) values (
    3,
    'Plant Upgrade',
    'In',
    sysdate - 79,
    sysdate - 94,
    29
);

insert into promotions (
    id,
    name,
    code,
    date_begin,
    date_end,
    discount_percentage
) values (
    4,
    'Data Loss Prevention',
    'Lectus',
    sysdate - 69,
    sysdate - 71,
    65
);

commit;
-- load data
 
insert into sales (
    id,
    product_id,
    customer_id,
    promotion_id,
    channel_id,
    date_of_sale,
    quantity,
    unit_price
) values (
    1,
    9,
    16,
    1,
    2,
    sysdate - 32,
    50,
    49
);

insert into sales (
    id,
    product_id,
    customer_id,
    promotion_id,
    channel_id,
    date_of_sale,
    quantity,
    unit_price
) values (
    2,
    10,
    5,
    1,
    2,
    sysdate - 70,
    83,
    36
);

insert into sales (
    id,
    product_id,
    customer_id,
    promotion_id,
    channel_id,
    date_of_sale,
    quantity,
    unit_price
) values (
    3,
    4,
    13,
    1,
    3,
    sysdate - 11,
    3,
    39
);

insert into sales (
    id,
    product_id,
    customer_id,
    promotion_id,
    channel_id,
    date_of_sale,
    quantity,
    unit_price
) values (
    4,
    5,
    14,
    1,
    3,
    sysdate - 55,
    19,
    33
);

insert into sales (
    id,
    product_id,
    customer_id,
    promotion_id,
    channel_id,
    date_of_sale,
    quantity,
    unit_price
) values (
    5,
    5,
    16,
    2,
    3,
    sysdate - 18,
    10,
    67
);

insert into sales (
    id,
    product_id,
    customer_id,
    promotion_id,
    channel_id,
    date_of_sale,
    quantity,
    unit_price
) values (
    6,
    7,
    10,
    1,
    1,
    sysdate - 56,
    96,
    5
);

insert into sales (
    id,
    product_id,
    customer_id,
    promotion_id,
    channel_id,
    date_of_sale,
    quantity,
    unit_price
) values (
    7,
    9,
    15,
    1,
    1,
    sysdate - 24,
    87,
    17
);

insert into sales (
    id,
    product_id,
    customer_id,
    promotion_id,
    channel_id,
    date_of_sale,
    quantity,
    unit_price
) values (
    8,
    7,
    18,
    1,
    2,
    sysdate - 76,
    77,
    29
);

insert into sales (
    id,
    product_id,
    customer_id,
    promotion_id,
    channel_id,
    date_of_sale,
    quantity,
    unit_price
) values (
    9,
    2,
    18,
    2,
    3,
    sysdate - 90,
    18,
    52
);

insert into sales (
    id,
    product_id,
    customer_id,
    promotion_id,
    channel_id,
    date_of_sale,
    quantity,
    unit_price
) values (
    10,
    6,
    17,
    2,
    3,
    sysdate - 71,
    18,
    41
);

insert into sales (
    id,
    product_id,
    customer_id,
    promotion_id,
    channel_id,
    date_of_sale,
    quantity,
    unit_price
) values (
    11,
    1,
    3,
    2,
    1,
    sysdate - 28,
    75,
    60
);

insert into sales (
    id,
    product_id,
    customer_id,
    promotion_id,
    channel_id,
    date_of_sale,
    quantity,
    unit_price
) values (
    12,
    2,
    13,
    4,
    3,
    sysdate - 37,
    56,
    1
);

insert into sales (
    id,
    product_id,
    customer_id,
    promotion_id,
    channel_id,
    date_of_sale,
    quantity,
    unit_price
) values (
    13,
    3,
    19,
    1,
    3,
    sysdate - 68,
    18,
    62
);

insert into sales (
    id,
    product_id,
    customer_id,
    promotion_id,
    channel_id,
    date_of_sale,
    quantity,
    unit_price
) values (
    14,
    6,
    7,
    4,
    1,
    sysdate - 36,
    25,
    9
);

insert into sales (
    id,
    product_id,
    customer_id,
    promotion_id,
    channel_id,
    date_of_sale,
    quantity,
    unit_price
) values (
    15,
    6,
    3,
    3,
    2,
    sysdate - 25,
    25,
    36
);

insert into sales (
    id,
    product_id,
    customer_id,
    promotion_id,
    channel_id,
    date_of_sale,
    quantity,
    unit_price
) values (
    16,
    1,
    6,
    3,
    3,
    sysdate - 40,
    62,
    70
);

insert into sales (
    id,
    product_id,
    customer_id,
    promotion_id,
    channel_id,
    date_of_sale,
    quantity,
    unit_price
) values (
    17,
    3,
    3,
    2,
    2,
    sysdate - 48,
    89,
    43
);

insert into sales (
    id,
    product_id,
    customer_id,
    promotion_id,
    channel_id,
    date_of_sale,
    quantity,
    unit_price
) values (
    18,
    8,
    8,
    1,
    1,
    sysdate - 38,
    36,
    33
);

insert into sales (
    id,
    product_id,
    customer_id,
    promotion_id,
    channel_id,
    date_of_sale,
    quantity,
    unit_price
) values (
    19,
    3,
    18,
    1,
    3,
    sysdate - 19,
    15,
    61
);

insert into sales (
    id,
    product_id,
    customer_id,
    promotion_id,
    channel_id,
    date_of_sale,
    quantity,
    unit_price
) values (
    20,
    8,
    12,
    2,
    1,
    sysdate - 11,
    37,
    17
);

insert into sales (
    id,
    product_id,
    customer_id,
    promotion_id,
    channel_id,
    date_of_sale,
    quantity,
    unit_price
) values (
    21,
    5,
    12,
    3,
    3,
    sysdate - 71,
    6,
    52
);

insert into sales (
    id,
    product_id,
    customer_id,
    promotion_id,
    channel_id,
    date_of_sale,
    quantity,
    unit_price
) values (
    22,
    1,
    14,
    4,
    3,
    sysdate - 89,
    86,
    64
);

insert into sales (
    id,
    product_id,
    customer_id,
    promotion_id,
    channel_id,
    date_of_sale,
    quantity,
    unit_price
) values (
    23,
    7,
    18,
    3,
    1,
    sysdate - 42,
    15,
    100
);

insert into sales (
    id,
    product_id,
    customer_id,
    promotion_id,
    channel_id,
    date_of_sale,
    quantity,
    unit_price
) values (
    24,
    10,
    2,
    3,
    2,
    sysdate - 49,
    29,
    54
);

insert into sales (
    id,
    product_id,
    customer_id,
    promotion_id,
    channel_id,
    date_of_sale,
    quantity,
    unit_price
) values (
    25,
    2,
    14,
    1,
    1,
    sysdate - 69,
    8,
    42
);

insert into sales (
    id,
    product_id,
    customer_id,
    promotion_id,
    channel_id,
    date_of_sale,
    quantity,
    unit_price
) values (
    26,
    5,
    11,
    3,
    1,
    sysdate - 47,
    72,
    57
);

insert into sales (
    id,
    product_id,
    customer_id,
    promotion_id,
    channel_id,
    date_of_sale,
    quantity,
    unit_price
) values (
    27,
    8,
    20,
    3,
    2,
    sysdate - 89,
    58,
    27
);

insert into sales (
    id,
    product_id,
    customer_id,
    promotion_id,
    channel_id,
    date_of_sale,
    quantity,
    unit_price
) values (
    28,
    4,
    13,
    1,
    1,
    sysdate - 16,
    85,
    29
);

insert into sales (
    id,
    product_id,
    customer_id,
    promotion_id,
    channel_id,
    date_of_sale,
    quantity,
    unit_price
) values (
    29,
    3,
    19,
    3,
    2,
    sysdate - 1,
    79,
    72
);

insert into sales (
    id,
    product_id,
    customer_id,
    promotion_id,
    channel_id,
    date_of_sale,
    quantity,
    unit_price
) values (
    30,
    10,
    4,
    3,
    2,
    sysdate - 1,
    26,
    18
);

insert into sales (
    id,
    product_id,
    customer_id,
    promotion_id,
    channel_id,
    date_of_sale,
    quantity,
    unit_price
) values (
    31,
    7,
    18,
    4,
    3,
    sysdate - 5,
    34,
    88
);

insert into sales (
    id,
    product_id,
    customer_id,
    promotion_id,
    channel_id,
    date_of_sale,
    quantity,
    unit_price
) values (
    32,
    8,
    5,
    3,
    3,
    sysdate - 85,
    2,
    5
);

insert into sales (
    id,
    product_id,
    customer_id,
    promotion_id,
    channel_id,
    date_of_sale,
    quantity,
    unit_price
) values (
    33,
    4,
    11,
    4,
    2,
    sysdate - 96,
    53,
    97
);

insert into sales (
    id,
    product_id,
    customer_id,
    promotion_id,
    channel_id,
    date_of_sale,
    quantity,
    unit_price
) values (
    34,
    10,
    18,
    1,
    2,
    sysdate - 16,
    12,
    95
);

insert into sales (
    id,
    product_id,
    customer_id,
    promotion_id,
    channel_id,
    date_of_sale,
    quantity,
    unit_price
) values (
    35,
    4,
    19,
    2,
    2,
    sysdate - 27,
    58,
    10
);

insert into sales (
    id,
    product_id,
    customer_id,
    promotion_id,
    channel_id,
    date_of_sale,
    quantity,
    unit_price
) values (
    36,
    10,
    1,
    3,
    3,
    sysdate - 93,
    84,
    20
);

insert into sales (
    id,
    product_id,
    customer_id,
    promotion_id,
    channel_id,
    date_of_sale,
    quantity,
    unit_price
) values (
    37,
    6,
    15,
    2,
    1,
    sysdate - 37,
    14,
    55
);

insert into sales (
    id,
    product_id,
    customer_id,
    promotion_id,
    channel_id,
    date_of_sale,
    quantity,
    unit_price
) values (
    38,
    5,
    20,
    2,
    3,
    sysdate - 57,
    54,
    22
);

insert into sales (
    id,
    product_id,
    customer_id,
    promotion_id,
    channel_id,
    date_of_sale,
    quantity,
    unit_price
) values (
    39,
    9,
    6,
    1,
    2,
    sysdate - 84,
    59,
    86
);

insert into sales (
    id,
    product_id,
    customer_id,
    promotion_id,
    channel_id,
    date_of_sale,
    quantity,
    unit_price
) values (
    40,
    6,
    6,
    2,
    1,
    sysdate - 70,
    35,
    70
);

commit;
